"ID","Name","Active users","Contacts","Number of appointments booked","Total Emails","Inbound Emails","Outbound Emails","Total Text messages","Inbound Text messages","Outbound Text messages","Total Calls","Inbound Calls","Outbound Calls","Inbound Call Duration (hours)","Outbound Call Duration (hours)","Form Submissions","Survey Submissions","Facebook Lead Form Submissions","GBP Messages","Inbound GBP Messages","Outbound GBP Messages","Total Instagram Messages","Inbound Instagram Messages","Outbound Instagram Messages","Total Facebook Messages","Inbound Facebook Messages","Outbound Facebook Messages","Reviews","Google Reviews","Facebook Reviews","Positive reviews","Negative reviews","Sites Created - Funnels","Sites Created - Websites","Sites Created - Forms","Sites Created - Surveys"
"UTIM9kZ1o5AhyaDeYCz9","""(DELETE) Oakville Chrysler Dodge Jeep Ram""",0,0,0,0,0,0,0,0,0,0,0,0,"0.00","0.00",0,0,0,0,0,0,0,0,0,0,0,0,0,0,0,0,0,0,0,0,0
"lo3qhbGEZNRLheKkQoiQ","""518 Auto Sales""",0,382,53,1569,55,1514,6750,2066,4684,34,34,0,"1.20","0.00",0,0,0,0,0,0,0,0,0,0,0,0,0,0,0,0,0,0,0,0,0
"iKQr4rCT9bU4iPFDkmPy","""712 Auto Sales""",2,81,15,361,17,344,1280,360,920,12,4,8,"0.03","0.11",45,0,0,0,0,0,0,0,0,0,0,0,8,8,0,8,0,0,0,0,0
"zI5vdUEjfYgyR8QqcAdQ","""715 Motor Haus""",2,0,0,6,0,6,53,10,43,0,0,0,"0.00","0.00",0,0,0,0,0,0,0,0,0,0,0,0,0,0,0,0,0,0,0,0,0
"heweDcsexBjRmPVJJGJg","""802 Honda""",10,77,5,158,5,153,549,145,404,0,0,0,"0.00","0.00",6,0,0,0,0,0,0,0,0,0,0,0,0,0,0,0,0,0,0,0,0
"i3ozGvNFhhNkw2INRLT4","""802 Subaru""",9,128,12,313,9,304,1174,328,846,1,1,0,"0.01","0.00",6,0,0,0,0,0,0,0,0,0,0,0,0,0,0,0,0,0,0,0,0
"I5OlttLOA3AHsUE2aITi","""9999 Auto Center """,0,2,0,0,0,0,0,0,0,0,0,0,"0.00","0.00",0,0,0,0,0,0,0,0,0,4,4,0,0,0,0,0,0,0,0,0,0
"1FcsvylbzJ5Mb8erRJSM","""9999 Auto Center (A2P Failed)""",0,0,0,0,0,0,0,0,0,0,0,0,"0.00","0.00",0,0,0,0,0,0,0,0,0,0,0,0,0,0,0,0,0,0,0,0,0
"UGr2noeM3XZjU6wkWffq","""A-Star Motors""",0,0,0,0,0,0,0,0,0,0,0,0,"0.00","0.00",0,0,0,0,0,0,0,0,0,0,0,0,0,0,0,0,0,0,0,0,0
"ratauLKBzufRDdjGyMFk","""Addison Chevrolet Buick GMC""",4,15,1,55,3,52,105,14,91,0,0,0,"0.00","0.00",0,0,0,0,0,0,0,0,0,0,0,0,0,0,0,0,0,0,0,0,0
"G1oiGNPDcZEjX2KhITth","""Addison on Erin Mills""",4,46,7,116,6,110,664,168,496,1,1,0,"0.01","0.00",15,0,0,0,0,0,0,0,0,0,0,0,0,0,0,0,0,0,0,0,0
"MEMpZQGuqkAeXLfaS9uD","""Advantage Ag & Equipment, LLC""",2,17,0,70,1,69,271,80,191,0,0,0,"0.00","0.00",5,0,0,0,0,0,0,0,0,0,0,0,0,0,0,0,0,0,0,0,0
"Ny7KPLPioDQeEa4gLD77","""All Nations Power Drive""",0,0,0,0,0,0,0,0,0,0,0,0,"0.00","0.00",0,0,0,0,0,0,0,0,0,0,0,0,0,0,0,0,0,0,0,0,0
"sN1TK8BvHWAQGkSTBAO5","""American Direct Auto LLC""",0,0,0,0,0,0,0,0,0,0,0,0,"0.00","0.00",0,0,0,0,0,0,0,0,0,0,0,0,0,0,0,0,0,0,0,0,0
"zxOftYWMDiU1szRSyEqa","""Applewood Nissan Surrey""",0,67,0,0,0,0,0,0,0,0,0,0,"0.00","0.00",0,0,0,0,0,0,0,0,0,0,0,0,0,0,0,0,0,0,0,0,0
"al5IXSq1y3pBsAHpi5Ua","""Auction Direct""",0,5,0,0,0,0,0,0,0,0,0,0,"0.00","0.00",0,0,0,0,0,0,0,0,0,0,0,0,0,0,0,0,0,0,0,0,0
"ybMoKG4pJ9D8m70iQKiN","""Audi Cape Fear""",8,89,11,251,8,243,1649,618,1031,4,3,1,"0.11","0.01",0,0,0,0,0,0,0,0,0,0,0,0,0,0,0,0,0,0,0,0,0
"EXNeq12KxMpvy6hZzj5K","""Audi Richfield""",7,103,11,269,12,257,1106,271,835,1,0,1,"0.00","0.00",33,0,0,0,0,0,0,0,0,0,0,0,0,0,0,0,0,0,0,0,0
"RRzQGwC7sJXsuHeAXcWy","""Audi Valencia""",4,419,32,562,22,540,6763,1885,4878,120,120,0,"0.01","0.00",0,0,0,0,0,0,0,0,0,0,0,0,0,0,0,0,0,0,0,0,0
"tmD8t0Mo1y1BR9lZ23vp","""Auto Boutique""",0,0,0,0,0,0,0,0,0,0,0,0,"0.00","0.00",0,0,0,0,0,0,0,0,0,0,0,0,0,0,0,0,0,0,0,0,0
"2NvvHMUzn3OaTMVB9YUe","""Auto Capital USA""",6,104,10,341,5,336,1396,349,1047,9,7,2,"0.04","0.01",12,0,0,0,0,0,0,0,0,0,0,0,0,0,0,0,0,0,0,0,0
"Z8BYBP3xWhoucjsyiG93","""Auto Finance Center""",0,5,0,0,0,0,0,0,0,0,0,0,"0.00","0.00",0,0,0,0,0,0,1,1,0,36,21,15,5,5,0,5,0,0,0,0,0
"kNZSw85pORytNAIs6t8O","""Auto Hut Sales""",2,25,3,39,0,39,284,97,187,8,2,6,"0.03","0.02",4,0,0,0,0,0,0,0,0,0,0,0,0,0,0,0,0,0,0,0,0
"aWPId9zR2ilasXdPbx4Y","""Auto Mall 59""",2,14,0,17,0,17,103,34,69,1,1,0,"0.00","0.00",2,0,0,0,0,0,0,0,0,18,6,12,0,0,0,0,0,0,0,0,0
"X6xgVmZv1qI5hq1yVEHu","""Auto Palace""",0,327,0,0,0,0,4,4,0,0,0,0,"0.00","0.00",0,0,0,0,0,0,0,0,0,0,0,0,0,0,0,0,0,0,0,0,0
"Sw9hAxWBsDNtQfrSEYMm","""Auto Planet""",0,0,0,0,0,0,1,1,0,0,0,0,"0.00","0.00",0,0,0,0,0,0,0,0,0,0,0,0,0,0,0,0,0,0,0,0,0
"vOofc4Ppo2O3zJdFdX1R","""Auto Planet Durham""",0,0,0,4,0,4,0,0,0,0,0,0,"0.00","0.00",0,0,0,0,0,0,0,0,0,0,0,0,0,0,0,0,0,0,0,0,0
"SQwSOXtj0nH7XL1zKL1U","""AutoMaxx of Aberdeen""",0,0,0,0,0,0,0,0,0,0,0,0,"0.00","0.00",0,0,0,0,0,0,0,0,0,0,0,0,0,0,0,0,0,0,0,0,0
"DMT3SSLUzDUnbeqaqt7Q","""Automaxx of the Carolinas""",0,0,0,0,0,0,0,0,0,0,0,0,"0.00","0.00",0,0,0,0,0,0,0,0,0,0,0,0,0,0,0,0,0,0,0,0,0
"VV8YlH21kFyXfDLuGkfZ","""Autoplex""",19,3824,144,224,4,220,13119,3072,10047,2091,289,1802,"5.95","22.23",101,0,197,0,0,0,35,23,12,1850,886,964,0,0,0,0,0,0,0,0,0
"ntEdUjtiCfuKmzuNbupe","""Autoshow""",0,0,0,0,0,0,0,0,0,0,0,0,"0.00","0.00",0,0,0,0,0,0,0,0,0,0,0,0,0,0,0,0,0,0,0,0,0
"U1ZSFqsuRBaUrK5GJUGF","""Autoshow Winnipeg""",0,0,0,0,0,0,0,0,0,0,0,0,"0.00","0.00",0,0,0,0,0,0,0,0,0,0,0,0,0,0,0,0,0,0,0,0,0
"36GyvnX5XcEwqmXGNvLD","""Autova""",0,0,0,0,0,0,0,0,0,0,0,0,"0.00","0.00",0,0,0,0,0,0,0,0,0,0,0,0,0,0,0,0,0,0,0,0,0
"0B1IgrNcjUXUulEOj7mA","""Barnes Harley-Davidson Kamloops""",4,0,0,0,0,0,0,0,0,0,0,0,"0.00","0.00",0,0,0,0,0,0,0,0,0,0,0,0,0,0,0,0,0,0,0,0,0
"jlsng0Xz6YE0tMWPikMv","""Barnes Harley-Davidson Langley""",10,11,3,287,13,274,877,175,702,1,1,0,"0.03","0.00",15,0,0,0,0,0,0,0,0,0,0,0,0,0,0,0,0,0,0,0,0
"qVZSoVHKfmSkYEdTLG9n","""Barnes Harley-Davidson South Edmonton""",10,1,1,77,1,76,305,74,231,0,0,0,"0.00","0.00",1,0,0,0,0,0,0,0,0,0,0,0,0,0,0,0,0,0,0,0,0
"d5yzaWHXah7ZOYjfFJg9","""Barnes Harley-Davidson Victoria""",5,0,0,0,0,0,1,1,0,0,0,0,"0.00","0.00",0,0,0,0,0,0,0,0,0,0,0,0,0,0,0,0,0,0,0,0,0
"T0GtqbyyxcWXgaKDyKHX","""Barnes Powersports - Victoria""",7,0,0,25,1,24,37,8,29,0,0,0,"0.00","0.00",0,0,0,0,0,0,0,0,0,0,0,0,0,0,0,0,0,0,0,0,0
"ia6SRHj51W3xgWqb4nBj","""Barnes Powersports Blackfoot""",4,0,0,0,0,0,1,1,0,0,0,0,"0.00","0.00",0,0,0,0,0,0,0,0,0,0,0,0,0,0,0,0,0,0,0,0,0
"wdjkM3ecsH4pAY3FGxun","""Barrie Kia""",4,74,17,467,7,460,1724,428,1296,5,3,2,"0.07","0.00",57,0,0,0,0,0,0,0,0,0,0,0,0,0,0,0,0,0,0,0,0
"4RJRnJkfcK7EXN7yVZld","""Bay Area CDJR""",0,17,0,0,0,0,0,0,0,0,0,0,"0.00","0.00",0,0,0,0,0,0,0,0,0,0,0,0,0,0,0,0,0,0,0,0,0
"l7VJqAfblcnAQ6KEbh4v","""Bay King Motors""",0,0,0,0,0,0,0,0,0,0,0,0,"0.00","0.00",0,0,0,0,0,0,0,0,0,0,0,0,0,0,0,0,0,0,0,0,0
"UkVnFs7cWywo5uAurPH7","""Big Rock Powersports and Marine""",0,1,0,0,0,0,1,0,1,1,1,0,"0.00","0.00",0,0,0,0,0,0,0,0,0,0,0,0,0,0,0,0,0,0,0,0,0
"qHt549oy0anFHAUXkwmD","""Bill Cramer GM""",11,182,18,484,6,478,2939,758,2181,13,13,0,"0.03","0.00",3,0,0,0,0,0,0,0,0,0,0,0,0,0,0,0,0,0,0,0,0
"3nywG6f6aHJ7VT7jF9De","""Blackmans Cycle""",2,10,1,7,0,7,68,29,39,0,0,0,"0.00","0.00",0,0,0,0,0,0,29,16,13,0,0,0,0,0,0,0,0,0,0,0,0
"CpIldgBSWTaxe67Jmfgq","""BMW of Akron""",7,96,11,303,14,289,920,218,702,3,3,0,"0.03","0.00",7,0,0,0,0,0,0,0,0,0,0,0,0,0,0,0,0,0,0,0,0
"hQwx6TZgDnrbHuA8q6Bq","""Bob Bell Chevrolet""",0,0,0,0,0,0,0,0,0,0,0,0,"0.00","0.00",0,0,0,0,0,0,0,0,0,0,0,0,0,0,0,0,0,0,0,0,0
"PxRzNtCShskeRbKqbLam","""Bonnyville Dodge""",1,0,0,0,0,0,0,0,0,0,0,0,"0.00","0.00",0,0,0,0,0,0,0,0,0,0,0,0,0,0,0,0,0,0,0,0,0
"Qj200F6HMPAES2KkfMvt","""Byers Chrysler Dodge Jeep Ram""",5,167,7,517,32,485,1095,320,775,2,0,2,"0.00","0.08",0,0,0,0,0,0,0,0,0,0,0,0,0,0,0,0,0,0,0,0,0
"TX0N1ePkVGtpJHqHT0Tn","""Cactus Auto""",2,290,51,935,38,897,5295,1736,3559,27,25,2,"0.06","0.00",1,0,0,0,0,0,0,0,0,0,0,0,0,0,0,0,0,0,0,0,0
"iit00TEo3LspPokJduFz","""Cam Clark Ford Richmond""",1,5,0,0,0,0,45,0,45,0,0,0,"0.00","0.00",0,0,0,0,0,0,0,0,0,4,1,3,6,6,0,4,3,0,0,0,0
"RMMkdOgBaw5tjVTzSeQ9","""Camacho Mitsubishi""",5,808,120,5573,15,5558,12182,2174,10008,65,62,3,"0.25","0.00",11,0,0,0,0,0,0,0,0,0,0,0,0,0,0,0,0,0,0,0,0
"eoASP1WRBW4tGSwqwdwH","""Cambridge Kia""",11,80,11,203,22,181,542,75,467,1,1,0,"0.02","0.00",9,0,0,0,0,0,0,0,0,0,0,0,0,0,0,0,0,0,0,0,0
"wIf7apLWjOPp4KF4XbNM","""Capital Dodge""",0,0,0,0,0,0,0,0,0,0,0,0,"0.00","0.00",0,0,0,0,0,0,0,0,0,0,0,0,0,0,0,0,0,0,0,0,0
"fdsNOmyrukTXIVLozjhz","""Car Lux""",0,10,0,1501,0,1501,0,0,0,0,0,0,"0.00","0.00",0,0,0,0,0,0,0,0,0,0,0,0,0,0,0,0,0,0,0,0,0
"got3B6hYF1xzab1gr33K","""Car Source""",2,125,15,446,8,438,1303,317,986,10,10,0,"0.00","0.00",0,0,0,0,0,0,0,0,0,0,0,0,0,0,0,0,0,0,0,0,0
"0FIQz43wdUXI8Gxh2kjA","""CarDoor""",0,0,0,684,2,682,0,0,0,0,0,0,"0.00","0.00",0,0,0,0,0,0,0,0,0,0,0,0,0,0,0,0,0,0,0,0,0
"A9DfuOsPIY9cXqTlK2RP","""Carget""",7,0,0,0,0,0,0,0,0,0,0,0,"0.00","0.00",0,0,0,0,0,0,0,0,0,0,0,0,0,0,0,0,0,0,0,0,0
"3GvaLXXbVXtRhv17FCuj","""Carget Automotive""",10,56,8,162,5,157,840,281,559,4,4,0,"0.04","0.00",0,0,0,0,0,0,0,0,0,0,0,0,0,0,0,0,0,0,0,0,0
"VMGJ7yyTBvbZ732UubZD","""Carget Supercentre""",8,43,5,99,8,91,484,181,303,3,3,0,"0.00","0.00",2,0,0,0,0,0,0,0,0,0,0,0,0,0,0,0,0,0,0,0,0
"KX9lbzYfThCBP4HotkCn","""Carousel Pre-Owned""",7,200,17,282,20,262,1068,306,762,2,2,0,"0.10","0.00",4,0,0,0,0,0,0,0,0,0,0,0,0,0,0,0,0,0,0,0,0
"NVXF5gZF3kjf679VC2J0","""Cars 4 U""",6,205,30,665,9,656,2850,790,2060,10,9,1,"0.28","0.00",63,0,0,0,0,0,0,0,0,0,0,0,0,0,0,0,0,0,0,0,0
"6q1a0JvN5bPP8FGxVi1T","""Carter Acura of Lynnwood""",8,105,8,273,9,264,1050,250,800,6,3,3,"0.00","0.03",2,0,0,0,0,0,0,0,0,0,0,0,0,0,0,0,0,0,0,0,0
"pXeSNPxtibHifgrQilnF","""Castle Honda""",10,50,10,254,10,244,483,138,345,2,2,0,"0.01","0.00",4,0,0,0,0,0,0,0,0,0,0,0,0,0,0,0,0,0,0,0,0
"KSufZvyZN9EI4sqQ8hj1","""Central Auto""",1,45,15,197,4,193,1113,315,798,4,3,1,"0.03","0.00",31,0,0,0,0,0,0,0,0,0,0,0,0,0,0,0,0,0,0,0,0
"QTMypCATZEthbwMJsSnB","""Central Chevrolet""",20,128,14,419,19,400,1081,220,861,9,6,3,"0.02","0.03",18,0,0,0,0,0,0,0,0,0,0,0,0,0,0,0,0,0,0,0,0
"WCCxwrDawIpH6ikoeDY2","""Chapman's Paris Honda Yamaha""",5,14,0,19,0,19,274,102,172,3,0,3,"0.00","0.09",4,0,0,0,0,0,0,0,0,0,0,0,0,0,0,0,0,0,0,0,0
"G1kplk9I8DRcQ8V3zaNX","""Choice Automotive""",0,0,0,0,0,0,0,0,0,0,0,0,"0.00","0.00",0,0,0,0,0,0,0,0,0,0,0,0,0,0,0,0,0,0,0,0,0
"sB6KffhC9Z6eGePUVxQ9","""Chuck Stevens Dodge Chrysler Jeep Ram Fiat""",0,0,0,10,0,10,261,122,139,0,0,0,"0.00","0.00",0,0,0,0,0,0,0,0,0,0,0,0,0,0,0,0,0,0,0,0,0
"0ogMPcTXOM6dezCDbNfa","""Clawson Motorsports""",8,239,19,570,2,568,2779,594,2185,8,8,0,"0.12","0.00",66,0,0,0,0,0,0,0,0,0,0,0,0,0,0,0,0,0,0,0,0
"t4XY4PO4iXZHiwt82WoL","""Clinton County Motorsports""",6,49,7,139,0,139,685,218,467,2,2,0,"0.00","0.00",9,0,0,0,0,0,0,0,0,0,0,0,0,0,0,0,0,0,0,0,0
"iXENUJB4Lb59CcCV2Em9","""Cold Lake Ford""",3,12,1,51,3,48,196,45,151,0,0,0,"0.00","0.00",1,0,0,0,0,0,0,0,0,0,0,0,0,0,0,0,0,0,0,0,0
"ZEHTVXVOWhODFryIuLkw","""Corona Nissan""",0,10,0,0,0,0,1,1,0,0,0,0,"0.00","0.00",0,0,0,0,0,0,22,22,0,2,1,1,0,0,0,0,0,0,0,0,0
"E99pirJExF5ST8ljyNbG","""Corpus Christi Mitsubishi""",11,63,10,2477,9,2468,8295,942,7353,13,12,1,"0.06","0.01",19,0,0,0,0,0,0,0,0,0,0,0,0,0,0,0,0,0,0,0,0
"3nV237CfD5RoY6yc3ovw","""Cos Central Auto""",1,55,12,195,13,182,800,262,538,1,1,0,"0.03","0.00",1,0,0,0,0,0,0,0,0,0,0,0,0,0,0,0,0,0,0,0,0
"H1JwanSR3tccdKjIxn9c","""County Wide Powersports""",5,17,7,1254,34,1220,2544,664,1880,14,14,0,"0.41","0.00",12,0,0,0,0,0,0,0,0,0,0,0,0,0,0,0,0,0,0,0,0
"Jnpz9nbRCij8bh68q4Ia","""Crowley Kia""",8,296,15,922,26,896,2210,502,1708,16,15,1,"0.07","0.01",39,0,0,0,0,0,0,0,0,0,0,0,0,0,0,0,0,0,0,0,0
"Zpi2nIxSM4fUCafZMyoc","""D3 Auto Sales""",0,0,0,3,0,3,0,0,0,0,0,0,"0.00","0.00",0,0,0,0,0,0,0,0,0,0,0,0,0,0,0,0,0,0,0,0,0
"HlWKSIMMaPbRpJ0iOPkI","""D3 Chrysler Dodge Jeep Ram""",0,0,0,0,0,0,0,0,0,0,0,0,"0.00","0.00",0,0,0,0,0,0,0,0,0,0,0,0,0,0,0,0,0,0,0,0,0
"YxAWhDsZ5iughPtX8Ohr","""Dayton Toyota""",1,0,0,0,0,0,0,0,0,0,0,0,"0.00","0.00",0,0,0,0,0,0,0,0,0,0,0,0,0,0,0,0,0,0,0,0,0
"sQrZvyxrn4KN13mtRl5M","""Dealership Accelerator""",8,540,114,2667,401,2266,321,18,303,20,9,11,"0.07","0.52",235,0,0,0,0,0,0,0,0,0,0,0,0,0,0,0,0,0,0,0,0
"nRgx56VaviqAAnyxpUdF","""Deland Motorsports """,10,293,19,612,35,577,3000,858,2142,15,15,0,"0.02","0.00",1,0,0,0,0,0,0,0,0,0,0,0,0,0,0,0,0,0,0,0,0
"JccqyapOXJEy6AV1cXsL","""Delta Powersports-Fairbanks""",0,0,0,0,0,0,0,0,0,0,0,0,"0.00","0.00",0,0,0,0,0,0,0,0,0,0,0,0,0,0,0,0,0,0,0,0,0
"hReoV40FG3UGR2xqXs7U","""Denny Menholt Nissan""",5,38,4,150,4,146,316,56,260,3,3,0,"0.16","0.00",3,0,0,0,0,0,0,0,0,0,0,0,0,0,0,0,0,0,0,0,0
"oRzjtAhVxQAXH9DMWpS1","""DGL Motors""",0,1,0,0,0,0,1,1,0,0,0,0,"0.00","0.00",0,0,0,0,0,0,0,0,0,0,0,0,0,0,0,0,0,0,0,0,0
"GRsU6hYBsGYriY2E1YGa","""Diamondback Harley-Davidson""",0,0,0,0,0,0,0,0,0,0,0,0,"0.00","0.00",0,0,0,0,0,0,0,0,0,0,0,0,0,0,0,0,0,0,0,0,0
"4XUrmhG9DAv6Z1ILKiyE","""Discovery Nissan""",7,163,4,591,7,584,2175,503,1672,7,7,0,"0.03","0.00",1,0,0,0,0,0,0,0,0,0,0,0,0,0,0,0,0,0,0,0,0
"5atWj5Sk1UN1MK5wlftp","""Don Robinson Mitsubishi""",7,102,6,257,5,252,467,91,376,5,4,1,"0.02","0.01",9,0,0,0,0,0,0,0,0,0,0,0,0,0,0,0,0,0,0,0,0
"0eRFvahL732ruvE7qPtp","""Down East Powersports""",2,0,0,0,0,0,0,0,0,0,0,0,"0.00","0.00",0,0,0,0,0,0,0,0,0,0,0,0,0,0,0,0,0,0,0,0,0
"iHzlaFTKGRLuVp920DGX","""Dream Work Automotive""",11,335,123,1391,49,1342,7600,1874,5726,246,85,161,"1.84","2.28",82,0,0,0,0,0,0,0,0,0,0,0,0,0,0,0,0,0,0,0,0
"Wg3lQyxqmgOi6VNcS65u","""Drive Philly""",8,434,27,1463,28,1435,5095,1143,3952,12,11,1,"0.14","0.00",51,0,0,0,0,0,0,0,0,0,0,0,4,4,0,4,0,0,0,0,0
"Rl0EBaM0pi99iqiUFyQ3","""Dueck Downtown""",10,25,2,230,0,230,650,103,547,3,2,1,"0.03","0.02",9,0,0,0,0,0,0,0,0,0,0,0,0,0,0,0,0,0,0,0,0
"j4DLjxuxVhuePRadWuRB","""Dueck on Marine""",9,15,0,47,0,47,288,51,237,1,1,0,"0.02","0.00",2,0,0,0,0,0,0,0,0,0,0,0,0,0,0,0,0,0,0,0,0
"7j7Y9PNGFUhtG3TqOOEx","""Dueck Richmond""",13,215,6,434,15,419,2512,491,2021,7,7,0,"0.02","0.00",20,0,0,0,0,0,0,0,0,0,0,0,0,0,0,0,0,0,0,0,0
"9gSXmwnSAPRSb5lysbSO","""Eagle's Nest Harley-Davidson""",4,94,6,455,2,453,773,141,632,0,0,0,"0.00","0.00",7,0,0,0,0,0,0,0,0,0,0,0,0,0,0,0,0,0,0,0,0
"B6XwClf1q8JQZZV1Bmsn","""Eagle's Nest Harley-Davidson (Duplicated)""",0,0,0,0,0,0,0,0,0,0,0,0,"0.00","0.00",0,0,0,0,0,0,0,0,0,0,0,0,0,0,0,0,0,0,0,0,0
"MhVxPaTv1Zo4ZvyBNZxR","""Easley Mitsubishi""",1,237,27,1326,4,1322,4166,1011,3155,11,11,0,"0.00","0.00",0,0,0,0,0,0,0,0,0,0,0,0,0,0,0,0,0,0,0,0,0
"d0r2o4eU2oV1nQAM5T8U","""Eastside Motoring""",5,212,30,658,0,658,2148,639,1509,448,42,406,"0.53","3.67",0,0,0,0,0,0,0,0,0,0,0,0,6,6,0,3,3,0,0,0,0
"PKcaqs0s2fxxefFvw0SZ","""Easy Deal Auto Brokers""",3,65,10,268,4,264,870,183,687,6,6,0,"0.03","0.00",12,0,0,0,0,0,0,0,0,0,0,0,0,0,0,0,0,0,0,0,0
"gvl2QTd0f8spnBE9r9jJ","""Echo Valley Motor Products""",0,0,0,0,0,0,0,0,0,0,0,0,"0.00","0.00",0,0,0,0,0,0,0,0,0,0,0,0,0,0,0,0,0,0,0,0,0
"i5WM8rcb3XONi7dIyp0X","""Edwards Chevrolet Buick GMC Cadillac""",21,549,55,2165,60,2105,6800,1837,4963,156,25,131,"0.67","2.27",86,0,0,0,0,0,0,0,0,0,0,0,0,0,0,0,0,0,0,0,0
"ltp2hDye6y530cjXYQXN","""Edwards Chrysler Dodge Jeep Ram Council Bluffs""",9,5,0,0,0,0,0,0,0,0,0,0,"0.00","0.00",0,0,0,0,0,0,0,0,0,0,0,0,0,0,0,0,0,1,0,5,2
"mMpGemGhQPKZfQDqGaDf","""Edwards Chrysler Dodge Jeep Ram Fiat West""",22,181,27,635,34,601,2940,825,2115,21,19,2,"0.71","0.01",43,0,0,0,0,0,0,0,0,0,0,0,0,0,0,0,0,0,0,0,0
"NHCphhnWANoIT2pLmxSp","""Elway Powersports of Lincoln""",4,0,0,14,1,13,39,2,37,0,0,0,"0.00","0.00",0,0,0,0,0,0,0,0,0,0,0,0,0,0,0,0,0,0,0,0,0
"pV3OK028JVASAD6LTWmq","""Energy Powersports""",6,183,11,620,31,589,2455,784,1671,4,4,0,"0.17","0.00",17,0,0,0,0,0,0,0,0,0,0,0,0,0,0,0,0,0,0,0,0
"GG3ulKD4jCuUqovSLqSf","""Enzo's Auto Sales""",0,0,0,0,0,0,0,0,0,0,0,0,"0.00","0.00",0,0,0,0,0,0,0,0,0,0,0,0,0,0,0,0,0,0,0,0,0
"M1XHdNJiI9jPmNaMSQw8","""Extreme Work & Play""",0,0,0,0,0,0,0,0,0,0,0,0,"0.00","0.00",0,0,0,0,0,0,0,0,0,0,0,0,0,0,0,0,0,0,0,0,0
"s6uHu0JWcALOg8w6ulHJ","""Fairley and Stevens Ford""",4,147,19,200,9,191,2570,762,1808,6,5,1,"0.12","0.00",150,0,0,0,0,0,0,0,0,12,5,7,0,0,0,0,0,0,0,0,0
"sQnypyhNFmGbg2kVNbBF","""FAIRWAY AUTO BROKERS LLC""",3,5,0,0,0,0,0,0,0,0,0,0,"0.00","0.00",0,0,0,0,0,0,0,0,0,0,0,0,0,0,0,0,0,1,0,5,2
"grqSFcXViwZnI0OpW3L5","""Family PowerSports Alamo""",5,239,39,943,24,919,5264,1519,3745,23,21,2,"0.26","0.06",31,0,0,0,0,0,0,0,0,0,0,0,0,0,0,0,0,0,0,0,0
"cDwRIsHUY9pKjBnqRwaL","""Family PowerSports Lubbock""",6,207,20,395,11,384,2192,682,1510,17,17,0,"0.12","0.00",23,0,0,0,0,0,0,0,0,0,0,0,0,0,0,0,0,0,0,0,0
"ZW8L55Ec8ShiR9JATr7w","""Family PowerSports Odessa""",3,6,0,0,0,0,0,0,0,0,0,0,"0.00","0.00",0,0,0,0,0,0,0,0,0,0,0,0,0,0,0,0,0,1,0,5,2
"fYcnFfJ9zNL5zdOSG3ZI","""Family Toyota of Arlington""",0,0,0,3,0,3,5,0,5,0,0,0,"0.00","0.00",0,0,0,0,0,0,0,0,0,0,0,0,0,0,0,0,0,0,0,0,0
"MVdXvdovhbXNoR6q9Uhu","""Fay Myers Motorcycle World""",6,5,0,0,0,0,0,0,0,0,0,0,"0.00","0.00",0,0,0,0,0,0,0,0,0,0,0,0,0,0,0,0,0,1,0,5,2
"tF2vt1FaJynpvShkeUkC","""Flemington Powersports""",1,31,0,7,0,7,8,1,7,0,0,0,"0.00","0.00",0,0,0,0,0,0,46,26,20,244,121,123,0,0,0,0,0,0,0,0,0
"60ZDN0PpPCjWMvrT8Ox1","""Ford of Port Jeff""",4,139,10,577,27,550,1708,445,1263,4,4,0,"0.13","0.00",0,0,0,0,0,0,0,0,0,0,0,0,0,0,0,0,0,0,0,0,0
"UrDxAYjEAjmOBPADSRBc","""Ford of Smithtown""",8,245,17,672,20,652,2563,730,1833,5,5,0,"0.00","0.00",6,0,0,0,0,0,0,0,0,0,0,0,0,0,0,0,0,0,0,0,0
"FysnIjvDNO1cnO7mislf","""Fort Myers Mitsubishi""",16,521,37,2081,29,2052,7513,1610,5903,22,22,0,"0.35","0.00",57,0,0,0,0,0,0,0,0,0,0,0,0,0,0,0,0,0,0,0,0
"g3J8kg5hHdeMoAnlgIwA","""FX Caprara Harley-Davidson""",0,0,0,0,0,0,0,0,0,0,0,0,"0.00","0.00",0,0,0,0,0,0,0,0,0,0,0,0,0,0,0,0,0,0,0,0,0
"24V3mbIuiOOEQaNVMFLx","""FYI Yachts""",0,0,0,0,0,0,0,0,0,0,0,0,"0.00","0.00",0,0,0,0,0,0,0,0,0,0,0,0,0,0,0,0,0,0,0,0,0
"PgRRsL2JsEQOU4vRFOxP","""Gedi Route Cars""",5,501,43,433,7,426,5690,1249,4441,41,24,17,"0.71","0.04",34,0,0,0,0,0,1091,605,486,34,18,16,0,0,0,0,0,0,0,0,0
"ChQ8aEWWSl6JDRor565l","""Giant RV Colton""",3,5,0,0,0,0,0,0,0,0,0,0,"0.00","0.00",0,0,0,0,0,0,0,0,0,0,0,0,0,0,0,0,0,1,0,5,2
"Rslk4ZEDEhKmEyJ60jpS","""Giant RV Downey""",15,333,7,592,16,576,2081,441,1640,13,9,4,"0.08","0.02",37,0,0,0,0,0,0,0,0,0,0,0,0,0,0,0,0,0,0,0,0
"lMT4rkpqBfNhz69bL0BZ","""Giant RV Montclair""",4,5,0,0,0,0,0,0,0,0,0,0,"0.00","0.00",0,0,0,0,0,0,0,0,0,0,0,0,0,0,0,0,0,1,0,5,2
"sLkrPDo66aWHfF8gz3LI","""Giant RV Murrieta""",12,128,8,207,3,204,934,249,685,2,1,1,"0.00","0.00",55,0,0,0,0,0,0,0,0,0,0,0,0,0,0,0,0,0,0,0,0
"Ca1m9q5dZiaTa3R2EKXj","""Globul Cars""",6,114,14,438,20,418,1755,491,1264,9,9,0,"0.08","0.00",5,0,0,0,0,0,0,0,0,0,0,0,0,0,0,0,0,0,0,0,0
"rrZsdVEp7xy3ugRLiNZn","""Greensboro Auto Center""",0,2,0,0,0,0,44,7,37,4,4,0,"0.00","0.00",0,0,0,0,0,0,0,0,0,0,0,0,0,0,0,0,0,0,0,0,0
"SAO5fs6KScRD3OUEoDai","""Greenville Mitsubishi""",0,157,0,0,0,0,0,0,0,1,1,0,"0.00","0.00",0,0,0,0,0,0,0,0,0,0,0,0,0,0,0,0,0,0,0,0,0
"tctonv8DEE4Hb8ip9v1D","""Greenwood Auto Sales""",5,5,0,0,0,0,0,0,0,0,0,0,"0.00","0.00",0,0,0,0,0,0,0,0,0,0,0,0,0,0,0,0,0,0,0,0,0
"wRAB4Dw6RGFTEdg9nEap","""Greer Mitsubishi""",0,118,6,377,15,362,1009,231,778,6,6,0,"0.00","0.00",0,0,0,0,0,0,0,0,0,0,0,0,0,0,0,0,0,0,0,0,0
"Ug7uAaFf5x9CYK8SWu9m","""Greve Chrysler Jeep Dodge Ram""",9,36,10,51,1,50,247,57,190,19,2,17,"0.02","0.20",4,0,0,0,0,0,0,0,0,0,0,0,0,0,0,0,0,0,0,0,0
"2s7afJ8s3JzKynBPtqS9","""Harley-Davidson of Indianapolis""",0,0,0,0,0,0,1,1,0,0,0,0,"0.00","0.00",0,0,0,0,0,0,0,0,0,0,0,0,0,0,0,0,0,0,0,0,0
"nFjf8bCyfXkyYXASBLO7","""Harley-Davidson of Sacramento""",7,192,4,523,10,513,1326,274,1052,6,6,0,"0.34","0.00",0,0,0,0,0,0,0,0,0,0,0,0,0,0,0,0,0,0,0,0,0
"qpK4IICgTMX3VqZ7sQ3i","""Hayes Chevrolet of Baldwin""",0,0,0,3,0,3,0,0,0,0,0,0,"0.00","0.00",0,0,0,0,0,0,0,0,0,0,0,0,0,0,0,0,0,0,0,0,0
"u1Bqm5SntgnA6KwViEE6","""Hayes Chrysler Dodge Jeep Ram of Baldwin""",0,0,0,0,0,0,0,0,0,0,0,0,"0.00","0.00",0,0,0,0,0,0,0,0,0,0,0,0,0,0,0,0,0,0,0,0,0
"FIkp6WHDeUFGkNkTlXD1","""Hayward Honda""",5,388,46,1298,62,1236,6181,1737,4444,20,19,1,"0.19","0.00",64,0,0,0,0,0,0,0,0,0,0,0,0,0,0,0,0,0,0,0,0
"cl7PpB4OsiPEgIy4TimL","""Hi Lo Auto Sales""",0,0,0,0,0,0,0,0,0,0,0,0,"0.00","0.00",0,0,0,0,0,0,0,0,0,0,0,0,0,0,0,0,0,0,0,0,0
"OxYakcSRQ6PF4u0iicLO","""Hicklin Powersports of Ames""",3,22,0,21,0,21,233,57,176,1,1,0,"0.04","0.00",0,0,0,0,0,0,0,0,0,0,0,0,0,0,0,0,0,0,0,0,0
"SckuAcdy67c7Y7kp4zdu","""Hillview Motors""",3,59,6,157,14,143,728,283,445,1,1,0,"0.00","0.00",5,0,0,0,0,0,0,0,0,0,0,0,0,0,0,0,0,0,0,0,0
"TLBT0iS9A4xbVyCmWyEP","""Honda Centre-Ville""",0,0,0,0,0,0,0,0,0,0,0,0,"0.00","0.00",0,0,0,0,0,0,0,0,0,0,0,0,0,0,0,0,0,0,0,0,0
"WFVdIxk5kkyEVAtjrsJt","""Hyundai of Charleston""",1,358,1,0,0,0,3,0,3,0,0,0,"0.00","0.00",0,0,0,0,0,0,0,0,0,0,0,0,0,0,0,0,0,0,0,0,0
"pYKamTPReNzQzIkDsAqn","""Hyundai of Gilroy""",0,0,0,0,0,0,0,0,0,0,0,0,"0.00","0.00",0,0,0,0,0,0,0,0,0,0,0,0,0,0,0,0,0,0,0,0,0
"2b1C8eXCAUvErkhDOj9e","""Hyundai of North Charleston""",3,367,0,0,0,0,0,0,0,0,0,0,"0.00","0.00",0,0,0,0,0,0,0,0,0,0,0,0,0,0,0,0,0,0,0,0,0
"lhMk6OeHwXOnJDnCMzIJ","""Hyundai of Yakima""",6,40,5,147,18,129,500,160,340,5,5,0,"0.27","0.00",4,0,0,0,0,0,0,0,0,0,0,0,0,0,0,0,0,0,0,0,0
"oiEGqvtMccsVuX7SEkzO","""Hyundai Pembroke""",0,0,0,0,0,0,0,0,0,0,0,0,"0.00","0.00",0,0,0,0,0,0,0,0,0,0,0,0,0,0,0,0,0,0,0,0,0
"C5oXyHAEpWOm43NCB9Sr","""Illini Nissan""",0,0,0,0,0,0,0,0,0,0,0,0,"0.00","0.00",0,0,0,0,0,0,0,0,0,0,0,0,0,0,0,0,0,0,0,0,0
"gUSE1JyqsCBntpOyORlF","""Illini Nissan (Failed A2P)""",0,0,0,0,0,0,0,0,0,0,0,0,"0.00","0.00",0,0,0,0,0,0,0,0,0,0,0,0,0,0,0,0,0,0,0,0,0
"TfYNq7UU87ZNWFKsZNRn","""International Motorsports""",21,304,13,519,70,449,6769,2481,4288,331,273,58,"3.94","2.41",7,0,0,0,0,0,0,0,0,0,0,0,0,0,0,0,0,0,0,0,0
"XIE1LYaYragcJHlkz64Y","""International Motorsports Chat""",0,0,0,0,0,0,0,0,0,0,0,0,"0.00","0.00",0,0,0,0,0,0,0,0,0,0,0,0,0,0,0,0,0,0,0,0,0
"wL1RYoZ9AB2OoQZSaA25","""International Motorsports Chilliwack""",0,0,0,0,0,0,0,0,0,0,0,0,"0.00","0.00",0,0,0,0,0,0,0,0,0,0,0,0,0,0,0,0,0,0,0,0,0
"NIeziwoh1GXpB3ZjxqMy","""International Motorsports Vancouver """,0,0,0,0,0,0,0,0,0,0,0,0,"0.00","0.00",0,0,0,0,0,0,0,0,0,0,0,0,0,0,0,0,0,0,0,0,0
"Tgmkk6XfWUWcziud6VBA","""Iron Steed Harley-Davidson""",9,56,4,321,7,314,1078,309,769,3,2,1,"0.00","0.00",24,0,0,0,0,0,46,19,27,8,2,6,0,0,0,0,0,0,0,0,0
"wbruwzeZd2v2gEzLDD7f","""J.B.A. Chevrolet""",0,1,0,0,0,0,1,1,0,0,0,0,"0.00","0.00",0,0,0,0,0,0,0,0,0,0,0,0,0,0,0,0,0,0,0,0,0
"usgJIkGeksKk19Xi2MDr","""J.B.A. Kia""",0,0,0,0,0,0,0,0,0,0,0,0,"0.00","0.00",0,0,0,0,0,0,0,0,0,0,0,0,0,0,0,0,0,0,0,0,0
"SKWyytmDB4fN3UVv4gAv","""Jared Glover CDJR's Account""",0,0,0,0,0,0,0,0,0,0,0,0,"0.00","0.00",0,0,0,0,0,0,0,0,0,0,0,0,0,0,0,0,0,0,0,0,0
"e9K1YsFXgsy1cNANT4z3","""Jay Buick GMC""",10,168,26,979,16,963,2542,479,2063,9,9,0,"0.17","0.00",4,0,0,0,0,0,0,0,0,0,0,0,0,0,0,0,0,0,0,0,0
"CzLKhuS2H7BAge4nINnO","""Jay Honda""",10,221,32,858,66,792,2594,667,1927,19,19,0,"0.21","0.00",14,0,0,0,0,0,0,0,0,0,0,0,0,0,0,0,0,0,0,0,0
"PSBkCM87tioxN2kf3A9y","""JDM Hawaii""",0,0,0,0,0,0,0,0,0,0,0,0,"0.00","0.00",0,0,0,0,0,0,0,0,0,0,0,0,0,0,0,0,0,0,0,0,0
"coP8OI6Dk8hPGp1anWKt","""Jerry's Chevrolet""",0,0,0,0,0,0,0,0,0,0,0,0,"0.00","0.00",0,0,0,0,0,0,0,0,0,0,0,0,0,0,0,0,0,0,0,0,0
"pBBGUcBlHXFLv0FlDMRd","""Jerry's Toyota""",0,0,0,0,0,0,2,2,0,0,0,0,"0.00","0.00",0,0,0,0,0,0,0,0,0,0,0,0,0,0,0,0,0,0,0,0,0
"BIwwEipcv69Zs5MGuc2y","""JG Financing & Auto Sales""",0,0,0,0,0,0,0,0,0,0,0,0,"0.00","0.00",0,0,0,0,0,0,0,0,0,0,0,0,0,0,0,0,0,0,0,0,0
"2f510gQnPIt8cSlf3lz3","""Jim Glover Chevrolet""",0,0,0,0,0,0,0,0,0,0,0,0,"0.00","0.00",0,0,0,0,0,0,0,0,0,0,0,0,0,0,0,0,0,0,0,0,0
"nE0MSNnBTvkFNuwZeFhZ","""Jim Glover Dodge Chrysler Jeep Ram Fiat""",0,0,0,0,0,0,0,0,0,0,0,0,"0.00","0.00",0,0,0,0,0,0,0,0,0,0,0,0,0,0,0,0,0,0,0,0,0
"VHs4o59YVLdaFhnGbQgg","""Joe Maus CDJR""",0,31,5,333,8,325,1038,265,773,34,34,0,"0.00","0.00",0,0,0,0,0,0,0,0,0,0,0,0,0,0,0,0,0,0,0,0,0
"aGgamwLtrsOIPZG31E13","""Jollibee""",0,0,0,0,0,0,0,0,0,0,0,0,"0.00","0.00",0,0,0,0,0,0,0,0,0,0,0,0,0,0,0,0,0,0,0,0,0
"C6t4r7lk7dKLzpFl2Grm","""Keenan Test autos""",0,0,0,0,0,0,0,0,0,0,0,0,"0.00","0.00",0,0,0,0,0,0,0,0,0,0,0,0,0,0,0,0,0,0,0,0,0
"3CiHxwoWBiU0RMmqQaLD","""Keenans TEST AUTOS Emporium""",0,0,0,0,0,0,0,0,0,0,0,0,"0.00","0.00",0,0,0,0,0,0,0,0,0,0,0,0,0,0,0,0,0,0,0,0,0
"SbUP1CZzkQb0IuUPTi1f","""Kevins Royal Automotive""",12,95,11,302,7,295,1079,308,771,12,8,4,"0.00","0.04",18,0,0,0,0,0,0,0,0,0,0,0,0,0,0,0,0,0,0,0,0
"OrGA8yxww5Vu5cZaLs0A","""Kia Autosport of Columbus""",1,0,0,7,0,7,25,1,24,0,0,0,"0.00","0.00",0,0,0,0,0,0,0,0,0,0,0,0,0,0,0,0,0,0,0,0,0
"8H92ZNEFTiQvO9W7WQhR","""Kia Autosport of Pensacola""",14,439,64,1847,37,1810,5490,1381,4109,32,8,24,"0.34","0.24",105,0,0,0,0,0,0,0,0,0,0,0,0,0,0,0,0,0,0,0,0
"wNVTcHH1jEthahrWB4gh","""KIA Country of Charleston""",2,201,12,516,17,499,1469,331,1138,3,3,0,"0.00","0.00",1,0,0,0,0,0,0,0,0,0,0,0,0,0,0,0,0,0,0,0,0
"hCWkuLS2PrVzuzmM5nMl","""Kia of Abilene""",0,0,0,0,0,0,0,0,0,0,0,0,"0.00","0.00",0,0,0,0,0,0,0,0,0,0,0,0,0,0,0,0,0,0,0,0,0
"Alz7Ocn9coltpRHffsOC","""KIA of Auburn""",14,302,16,1413,18,1395,4413,1074,3339,27,10,17,"0.25","0.75",21,0,0,0,0,0,0,0,0,0,0,0,0,0,0,0,0,0,0,0,0
"B7KoIY2SIljIbfD8iiJy","""Kia of LaGrange""",19,428,41,1736,29,1707,3779,717,3062,13,11,2,"0.27","0.06",10,0,0,0,0,0,0,0,0,0,0,0,0,0,0,0,0,0,0,0,0
"IzjOZhfSlx07wAygQ3f6","""Kia of LaGrange (Failed A2P)""",0,1,0,0,0,0,0,0,0,1,1,0,"0.00","0.00",0,0,0,0,0,0,0,0,0,0,0,0,0,0,0,0,0,0,0,0,0
"NAQR4TaFFOHdBgFPpQvX","""Kitchener AUTOmart""",8,109,14,299,9,290,970,242,728,5,1,4,"0.01","0.06",14,0,0,0,0,0,0,0,0,0,0,0,0,0,0,0,0,0,0,0,0
"uZ1omzU2QgdAtK57bDZL","""Krause Family Hyundai""",2,60,0,0,0,0,4,3,1,0,0,0,"0.00","0.00",0,0,0,0,0,0,0,0,0,0,0,0,0,0,0,0,0,0,0,0,0
"RB10hTt6T4izwrh27rat","""Lakeshore CDJR of Kenner""",12,229,21,931,9,922,3208,732,2476,10,10,0,"0.05","0.00",36,0,0,0,0,0,0,0,0,0,0,0,0,0,0,0,0,0,0,0,0
"8VG3beWuzkiAyZp3VjdJ","""Lakeside Chevrolet Buick GMC""",5,255,14,87,4,83,1375,414,961,1,1,0,"0.11","0.00",16,0,0,0,0,0,0,0,0,0,0,0,0,0,0,0,0,0,0,0,0
"t5YXce7knSzRSORKaSMh","""Lebada Motors Superstore""",3,54,0,0,0,0,0,0,0,0,0,0,"0.00","0.00",0,0,0,0,0,0,0,0,0,0,0,0,0,0,0,0,0,1,0,5,2
"5sqzWok0F5W8GwHV78JT","""Lee Johnson Mazda of Seattle""",7,185,22,922,44,878,2292,536,1756,4,4,0,"0.05","0.00",50,0,0,0,0,0,0,0,0,0,0,0,0,0,0,0,0,0,0,0,0
"eMp49PVg6pHqaGqKuGWA","""Legacy Chevrolet GMC""",6,28,3,87,1,86,494,153,341,4,4,0,"0.09","0.00",1,0,0,0,0,0,0,0,0,0,0,0,0,0,0,0,0,0,0,0,0
"Ka6EuIsrGY124lBlSgcN","""Legacy Ford""",4,46,4,192,7,185,872,291,581,5,5,0,"0.00","0.00",0,0,0,0,0,0,0,0,0,0,0,0,0,0,0,0,0,0,0,0,0
"zNaBr6bUFKQIN9mU3fFx","""Legacy Nissan""",5,59,9,258,11,247,813,256,557,4,3,1,"0.00","0.02",0,0,0,0,0,0,0,0,0,0,0,0,0,0,0,0,0,0,0,0,0
"rvKwBDyNWSOKkoUISP53","""Lehmers GMC""",5,198,31,551,29,522,2631,732,1899,11,8,3,"0.11","0.00",9,0,0,0,0,0,0,0,0,0,0,0,0,0,0,0,0,0,0,0,0
"561M3vLl3hBNOL3J5Hfh","""Lexington Park Chevrolet Buick GMC""",3,108,14,553,24,529,1823,552,1271,3,3,0,"0.08","0.00",0,0,0,0,0,0,0,0,0,0,0,0,0,0,0,0,0,0,0,0,0
"4WllevG1QPlEIvSAxN7y","""Liberty Chrysler Dodge Jeep Ram""",4,134,0,0,0,0,0,0,0,0,0,0,"0.00","0.00",0,0,0,0,0,0,0,0,0,0,0,0,0,0,0,0,0,0,0,0,0
"zAWeHTmXNN8OdUCqic5C","""Liberty GMC""",0,0,0,2,0,2,0,0,0,0,0,0,"0.00","0.00",0,0,0,0,0,0,0,0,0,0,0,0,0,0,0,0,0,0,0,0,0
"pxIQjG1GJeuAQBcxIYRo","""Lifestyles Honda""",4,26,5,91,5,86,533,183,350,2,2,0,"0.18","0.00",0,0,0,0,0,0,0,0,0,0,0,0,0,0,0,0,0,0,0,0,0
"niWm5TnHGGmVo7wuPuey","""Lock 20 Auto""",1,73,17,100,3,97,1436,469,967,10,3,7,"0.00","0.34",5,0,0,0,0,0,0,0,0,0,0,0,0,0,0,0,0,0,0,0,0
"DujwzKo4liPfJiSCY754","""Lone Star Harley-Davidson""",5,187,9,674,11,663,1660,408,1252,6,6,0,"0.04","0.00",20,0,0,0,0,0,0,0,0,0,0,0,0,0,0,0,0,0,0,0,0
"3XQp7kw5eca06AtjrNnY","""Lorem ipsum dolor""",0,0,0,0,0,0,0,0,0,0,0,0,"0.00","0.00",0,0,0,0,0,0,0,0,0,0,0,0,0,0,0,0,0,0,0,0,0
"h8SpNzLwY8Kzzcm4iI7C","""Lorem ipsum dolor""",0,0,0,0,0,0,0,0,0,0,0,0,"0.00","0.00",0,0,0,0,0,0,0,0,0,0,0,0,0,0,0,0,0,0,0,0,0
"icCrv3DTreiXuGPQFlUn","""LSM Cars""",1,276,22,1085,23,1062,3509,871,2638,1678,25,1653,"0.99","6.03",0,0,0,0,0,0,0,0,0,0,0,0,0,0,0,0,0,0,0,0,0
"oMfGO58vlQpMBXLQpXPG","""Mac Haik Ford Jackson""",0,0,0,0,0,0,0,0,0,0,0,0,"0.00","0.00",0,0,0,0,0,0,0,0,0,0,0,0,0,0,0,0,0,0,0,0,0
"l3JGldbvK4DJRpU4PoUz","""Marano & Sons Auto Sales, Inc.""",2,30,0,0,0,0,0,0,0,0,0,0,"0.00","0.00",0,0,0,0,0,0,0,0,0,0,0,0,0,0,0,0,0,0,0,0,0
"nUHXph3hkRryiRcnRjUh","""Mark Christopher Auto Center""",0,0,0,5,0,5,0,0,0,0,0,0,"0.00","0.00",0,0,0,0,0,0,0,0,0,0,0,0,0,0,0,0,0,0,0,0,0
"NESFmK8PI9hScgtu0STn","""McClinton Autogroup""",8,146,14,446,11,435,2046,524,1522,0,0,0,"0.00","0.00",22,0,0,0,0,0,0,0,0,0,0,0,0,0,0,0,0,0,0,0,0
"MKcpnxzW2z74eA4MGwQJ","""Mckay Chevrolet""",5,256,26,833,29,804,3174,881,2293,9,8,1,"0.03","0.00",0,0,0,0,0,0,0,0,0,0,0,0,0,0,0,0,0,0,0,0,0
"jBoqILK0PSKGjPQjT78H","""McSweeney Automotive Group Clanton""",12,173,5,229,2,227,652,146,506,1,1,0,"0.04","0.00",6,0,0,0,0,0,0,0,0,0,0,0,0,0,0,0,0,0,0,0,0
"8T8PsbxAt4IC6ELetoY2","""Metro Ford Sales""",1,87,13,364,4,360,2107,255,1852,69,14,55,"0.33","0.60",0,0,0,0,0,0,8,6,2,16,9,7,0,0,0,0,0,0,0,0,0
"CzuOxg2X9vPHnZyiUMng","""Midway Dodge, Incorporated II""",10,567,46,1973,43,1930,7895,1769,6126,467,71,396,"0.54","2.94",3,0,0,0,0,0,0,0,0,0,0,0,0,0,0,0,0,0,0,0,0
"3qdmaZZNNyRlobct9vPe","""Mike Castrucci Ford Sales""",12,415,47,1508,78,1430,6111,1798,4313,20,19,1,"0.10","0.00",55,0,0,0,0,0,0,0,0,0,0,0,0,0,0,0,0,0,0,0,0
"cXhBPyd326G1Ew3ggxzF","""Million Mile Motors""",1,294,31,1036,4,1032,4288,1040,3248,23,22,1,"0.10","0.00",16,0,0,0,0,0,0,0,0,0,0,0,0,0,0,0,0,0,0,0,0
"IBKegLzq9XRkEIlpkazP","""Mills Motors Buick GMC""",12,37,10,135,5,130,689,221,468,1,1,0,"0.00","0.00",10,0,0,0,0,0,0,0,0,0,0,0,0,0,0,0,0,0,0,0,0
"TgyEiKxeTJVBgdNsmvFx","""Mississauga Kia""",10,149,20,673,31,642,2946,753,2193,3,2,1,"0.00","0.00",48,0,0,0,0,0,0,0,0,0,0,0,0,0,0,0,0,0,0,0,0
"FmVmTq1p06bsKqsVbCIh","""Monster Motors""",0,410,0,0,0,0,3,3,0,0,0,0,"0.00","0.00",0,0,0,0,0,0,0,0,0,0,0,0,0,0,0,0,0,0,0,0,0
"OxPX9rPDuI4hKyTjDXXS","""Monster Motors Knoxville""",0,1,0,0,0,0,0,0,0,0,0,0,"0.00","0.00",0,0,0,0,0,0,0,0,0,0,0,0,0,0,0,0,0,0,0,0,0
"ROWLZzcNwErFPeR3SCv3","""Motorhub""",7,298,65,1232,56,1176,5108,1129,3979,110,27,83,"0.50","1.73",0,0,0,0,0,0,0,0,0,0,0,0,4,4,0,4,0,0,0,0,0
"s4exMNEltY4ml4AjW22o","""NEW TEMPLATE ACCOUNT""",0,0,0,0,0,0,0,0,0,0,0,0,"0.00","0.00",0,0,0,0,0,0,0,0,0,0,0,0,0,0,0,0,0,0,0,0,0
"4AnifwQzy4VvpEMtJGel","""Newcombs Auto Sales""",4,97,10,270,8,262,1304,395,909,8,8,0,"0.01","0.00",4,0,0,0,0,0,0,0,0,0,0,0,0,0,0,0,0,0,0,0,0
"3p6KybVDG9jNodz8uGFl","""Newcombs North""",4,79,6,258,0,258,895,250,645,2,2,0,"0.08","0.00",0,0,0,0,0,0,0,0,0,0,0,0,0,0,0,0,0,0,0,0,0
"MF8SbIhSzR9IJLo94DUw","""Nissan of San Bernardino""",0,3,0,0,0,0,0,0,0,0,0,0,"0.00","0.00",0,0,0,0,0,0,0,0,0,10,10,0,0,0,0,0,0,0,0,0,0
"vtoNpom4ioD9vtKIETSq","""Nissan Of Yorktown Heights""",0,0,0,0,0,0,0,0,0,0,0,0,"0.00","0.00",0,0,0,0,0,0,0,0,0,0,0,0,0,0,0,0,0,0,0,0,0
"4mir0vpAMw5upcKH7vdt","""Normandin Chrysler Jeep Dodge Ram Fiat""",13,362,22,1185,27,1158,4297,1100,3197,16,15,1,"0.07","0.04",25,0,0,0,0,0,0,0,0,0,0,0,0,0,0,0,0,0,0,0,0
"JX3vmpXwGutmONWVnPiH","""North Bay Chrysler""",7,70,5,278,10,268,1006,223,783,0,0,0,"0.00","0.00",3,0,0,0,0,0,0,0,0,0,0,0,0,0,0,0,0,0,0,0,0
"y4yLPQ7ENobC2zhY9NkF","""Number 7 Honda""",10,83,18,340,20,320,1441,385,1056,4,4,0,"0.15","0.00",32,0,0,0,0,0,0,0,0,0,0,0,0,0,0,0,0,0,0,0,0
"cGEKsljCnuIqwcWpFD7a","""Oakley Auto World""",9,127,20,698,32,666,3420,950,2470,307,49,258,"0.78","4.95",56,0,0,0,0,0,0,0,0,0,0,0,3,3,0,3,0,0,0,0,0
"Wxh2KdjHalqy3OzRJ07l","""Oakville Chrysler""",0,48,0,0,0,0,10,10,0,0,0,0,"0.00","0.00",0,0,0,0,0,0,0,0,0,0,0,0,0,0,0,0,0,0,0,0,0
"s2ZEwvkuvHsFJjhI4oez","""Octane GMC""",7,111,11,293,12,281,1240,337,903,5,5,0,"0.08","0.00",16,0,0,0,0,0,0,0,0,0,0,0,0,0,0,0,0,0,0,0,0
"mnl5o68v3UTsfKl2NZ3Y","""Outerlimit Powersports""",4,20,0,106,2,104,277,55,222,3,3,0,"0.00","0.00",4,0,0,0,0,0,0,0,0,0,0,0,0,0,0,0,0,0,0,0,0
"beGUso4Gxqul2olAkkzF","""Overstock Vehicles """,13,350,35,2304,52,2252,6890,1729,5161,103,16,87,"0.23","0.53",49,0,0,0,0,0,0,0,0,0,0,0,0,0,0,0,0,0,0,0,0
"rpT1XXrNxx8XVHV1F4fh","""Paris Harley-Davidson""",2,16,1,171,7,164,448,59,389,1,1,0,"0.00","0.00",6,0,0,0,0,0,0,0,0,0,0,0,0,0,0,0,0,0,0,0,0
"t2KCB1UXqx5f2vy8p1Ie","""Pembroke Chrysler Dodge Jeep RAM""",9,64,0,0,0,0,0,0,0,0,0,0,"0.00","0.00",0,0,0,0,0,0,0,0,0,0,0,0,0,0,0,0,0,0,0,0,0
"dS3cUcfvRDG397LjPHAw","""PEMBROKE HONDA""",0,5,0,0,0,0,0,0,0,0,0,0,"0.00","0.00",0,0,0,0,0,0,0,0,0,0,0,0,0,0,0,0,0,1,0,5,2
"iYxsPb0badJ1md291ffY","""Pembroke Nissan""",0,5,0,0,0,0,0,0,0,0,0,0,"0.00","0.00",0,0,0,0,0,0,0,0,0,0,0,0,0,0,0,0,0,1,0,5,2
"RCIG5vFJaHaRzQRLV2DP","""Peterson's Harley-Davidson South""",2,0,0,32,0,32,148,20,128,0,0,0,"0.00","0.00",0,0,0,0,0,0,0,0,0,0,0,0,0,0,0,0,0,0,0,0,0
"owny38a3rpQIBKD03sDA","""Phillip Hawkins Motor Company""",0,0,0,0,0,0,0,0,0,0,0,0,"0.00","0.00",0,0,0,0,0,0,0,0,0,0,0,0,0,0,0,0,0,0,0,0,0
"mmwqWnmPs3d7nZBplgEW","""Platinum Cars""",0,0,0,0,0,0,0,0,0,0,0,0,"0.00","0.00",0,0,0,0,0,0,0,0,0,0,0,0,0,0,0,0,0,0,0,0,0
"9SibgVagrrrK6Xuy2YS9","""Poughkeepsie Nissan""",0,1,0,0,0,0,1,1,0,0,0,0,"0.00","0.00",0,0,0,0,0,0,0,0,0,0,0,0,0,0,0,0,0,0,0,0,0
"CA1aFmkxGU31Qjt1tqKq","""Powersports of Utica""",7,59,9,219,7,212,1279,350,929,5,2,3,"0.02","0.02",11,0,0,0,0,0,0,0,0,0,0,0,0,0,0,0,0,0,0,0,0
"oa4H83MS3OMuxvjUvZrI","""Premier Chrysler Dodge Jeep Ram""",11,163,19,753,11,742,2721,753,1968,15,15,0,"1.40","0.00",21,0,0,0,0,0,0,0,0,0,0,0,0,0,0,0,0,0,0,0,0
"CvwQfdQ7Ua0VNtTmaeCF","""Premier Mitsubishi""",1,0,0,0,0,0,0,0,0,0,0,0,"0.00","0.00",0,0,0,0,0,0,0,0,0,0,0,0,0,0,0,0,0,0,0,0,0
"XDaT2BQSJew4UCZMcX9M","""Prescott Honda""",5,201,12,524,21,503,2147,676,1471,5,5,0,"0.06","0.00",23,0,0,0,0,0,0,0,0,0,0,0,0,0,0,0,0,0,0,0,0
"ponJsUVI3ZCtQ1Mf8xav","""Prescott Valley Kia""",1,112,3,310,1,309,963,288,675,3,3,0,"0.01","0.00",0,0,0,0,0,0,0,0,0,0,0,0,0,0,0,0,0,0,0,0,0
"XsF2uksbQ7wv6Qe3CoKJ","""Puente Hills Nissan""",0,0,0,0,0,0,11,11,0,0,0,0,"0.00","0.00",0,0,0,0,0,0,0,0,0,0,0,0,0,0,0,0,0,0,0,0,0
"HHdMr5af3zOWAB5uGtFX","""Quality Buick GMC""",4,204,13,1113,13,1100,4007,921,3086,25,21,4,"0.08","0.07",0,0,0,0,0,0,0,0,0,0,0,0,0,0,0,0,0,0,0,0,0
"m2HId3etwPBDcWlm2RKJ","""Quality Mazda""",4,684,19,3459,9,3450,7374,1514,5860,14,14,0,"0.06","0.00",0,0,0,0,0,0,0,0,0,0,0,0,0,0,0,0,0,0,0,0,0
"5y9nj2ufyt5T3r8sYQzl","""Red River Nissan""",0,0,0,0,0,0,0,0,0,0,0,0,"0.00","0.00",0,0,0,0,0,0,0,0,0,0,0,0,0,0,0,0,0,0,0,0,0
"8DppPnKy1pWMstpwbpiy","""Red Rock Ford Of Dickinson""",0,0,0,0,0,0,0,0,0,0,0,0,"0.00","0.00",0,0,0,0,0,0,0,0,0,0,0,0,0,0,0,0,0,0,0,0,0
"9madBQsu2e8y0E6OjR9X","""Red Rock Harley-Davidson""",4,42,0,0,0,0,0,0,0,0,0,0,"0.00","0.00",0,0,0,0,0,0,0,0,0,0,0,0,0,0,0,0,0,1,0,5,2
"O8zxckNtUyHlQTr17jrW","""Register Chevrolet""",0,0,0,0,0,0,1,1,0,0,0,0,"0.00","0.00",0,0,0,0,0,0,0,0,0,0,0,0,0,0,0,0,0,0,0,0,0
"7sapT2SmsjkwRS6oUBmm","""Reno Auto Warehouse""",1,116,14,452,8,444,1844,535,1309,1,1,0,"0.00","0.00",0,0,0,0,0,0,8,4,4,7,2,5,9,9,0,9,0,0,0,0,0
"SrEFsj6xejY1M0lrV73K","""RiderMarket""",6,128,7,267,15,252,1500,475,1025,86,22,64,"0.87","1.52",1,0,0,0,0,0,0,0,0,0,0,0,0,0,0,0,0,0,0,0,0
"DMp1M4hsA7DDYpJ8rHs0","""Riverview Ford""",2,75,1,224,4,220,977,203,774,3,3,0,"0.02","0.00",33,0,0,0,0,0,0,0,0,0,0,0,0,0,0,0,0,0,0,0,0
"yb8HdUJKIEgrtijtXrmY","""RJ Powersports Fort Dodge""",2,6,0,0,0,0,2,0,2,0,0,0,"0.00","0.00",0,0,0,0,0,0,0,0,0,0,0,0,0,0,0,0,0,1,0,5,2
"ghTTwIlLtTXiUvotW1CL","""Rock Hill Powersports""",7,94,9,399,14,385,1520,407,1113,8,8,0,"0.05","0.00",21,0,0,0,0,0,0,0,0,0,0,0,0,0,0,0,0,0,0,0,0
"KJgVBVWU9icBZDlN4Pyc","""Rocky Mountain Yeti Jackson Hole Jeep Ram Chrysler Dodge AEV""",5,34,0,0,0,0,0,0,0,0,0,0,"0.00","0.00",0,0,0,0,0,0,0,0,0,0,0,0,0,0,0,0,0,1,0,5,2
"L6Q49xWC2g2pY4qoERKl","""Rod Hatfield CDJR""",0,0,0,0,0,0,0,0,0,0,0,0,"0.00","0.00",0,0,0,0,0,0,0,0,0,0,0,0,2,2,0,2,0,0,0,0,0
"Y9lnT7IEYV0C2zHXTr7N","""Rod Hatfield Chevrolet""",0,0,0,0,0,0,0,0,0,0,0,0,"0.00","0.00",0,0,0,0,0,0,0,0,0,0,0,0,2,2,0,0,2,0,0,0,0
"F9XeCSvHeOQbLhxOKs0A","""Rod Hatfield Chevrolet's Account""",0,0,0,0,0,0,0,0,0,0,0,0,"0.00","0.00",0,0,0,0,0,0,0,0,0,0,0,0,0,0,0,0,0,0,0,0,0
"e3e1HeMSxTl9IbAOueGi","""Rod Hatfield Used Car Factory""",0,1,0,0,0,0,1,1,0,0,0,0,"0.00","0.00",0,0,0,0,0,0,0,0,0,0,0,0,0,0,0,0,0,0,0,0,0
"cPWLw52HelrIcFVxNf0p","""Rogersville Chevrolet Chrysler Dodge Jeep Ram""",0,0,0,0,0,0,0,0,0,0,0,0,"0.00","0.00",0,0,0,0,0,0,0,0,0,0,0,0,0,0,0,0,0,0,0,0,0
"gIFI704IzpxtSjVGkJw3","""Roswell Honda""",5,97,5,156,6,150,858,194,664,7,7,0,"0.03","0.00",5,0,0,0,0,0,0,0,0,0,0,0,0,0,0,0,0,0,0,0,0
"DestJipwOaTemPI6FNMu","""Route 1 Motorsports""",6,75,8,217,2,215,1055,331,724,3,3,0,"0.00","0.00",2,0,0,0,0,0,0,0,0,0,0,0,5,5,0,4,1,0,0,0,0
"9Tu1KT10inbXHRQFm2Ow","""Royal Ford Motors of Cooperstown""",2,0,0,0,0,0,0,0,0,0,0,0,"0.00","0.00",0,0,0,0,0,0,0,0,0,0,0,0,0,0,0,0,0,0,0,0,0
"OZlS3abVVx6ESeHNbne8","""Sams Auto Repair & Sales LLC""",0,0,0,0,0,0,0,0,0,0,0,0,"0.00","0.00",0,0,0,0,0,0,0,0,0,0,0,0,0,0,0,0,0,0,0,0,0
"KIGmD2rBz3m4zYph5Iio","""Santa Motors""",3,117,19,445,10,435,3053,1101,1952,16,16,0,"0.48","0.00",1,0,0,0,0,0,0,0,0,0,0,0,0,0,0,0,0,0,0,0,0
"jzcAB7jyT578IUyNi4I7","""Saskatoon Auto Connection""",0,0,0,0,0,0,0,0,0,0,0,0,"0.00","0.00",0,0,0,0,0,0,0,0,0,0,0,0,0,0,0,0,0,0,0,0,0
"Fmxvj4P7CbUSY4FrjPRg","""Schoner Chevrolet""",7,117,10,315,12,303,1691,399,1292,1,0,1,"0.00","0.00",26,0,0,0,0,0,0,0,0,0,0,0,0,0,0,0,0,0,0,0,0
"BcmpoDbnGVtfG98LrfbN","""Schrier Automotive""",6,78,2,258,3,255,697,128,569,1,1,0,"0.00","0.00",5,0,0,0,0,0,0,0,0,0,0,0,0,0,0,0,0,0,0,0,0
"mm1TFhVDy5UbT5C1fcKm","""Scott Robinson Chrysler Dodge Jeep Ram""",0,0,0,9,0,9,44,2,42,0,0,0,"0.00","0.00",0,0,0,0,0,0,0,0,0,0,0,0,0,0,0,0,0,0,0,0,0
"SrjV1jWGEz18ZagtbbF8","""Scott Robinson Honda""",0,0,0,0,0,0,0,0,0,0,0,0,"0.00","0.00",0,0,0,0,0,0,0,0,0,0,0,0,0,0,0,0,0,0,0,0,0
"8BeCsjcYy6KvTMtzDGIl","""Scranton Powersports""",6,0,1,40,1,39,162,33,129,3,3,0,"0.12","0.00",0,0,0,0,0,0,0,0,0,0,0,0,0,0,0,0,0,0,0,0,0
"zKr2P71zY5yp6Olv45xm","""Shane TEST""",0,0,0,0,0,0,0,0,0,0,0,0,"0.00","0.00",0,0,0,0,0,0,0,0,0,0,0,0,0,0,0,0,0,0,0,0,0
"hCUUJdAz5MEGZW64CGYO","""Shortline Buick GMC""",0,0,0,0,0,0,0,0,0,0,0,0,"0.00","0.00",0,0,0,0,0,0,0,0,0,0,0,0,0,0,0,0,0,0,0,0,0
"qqVDxpP3JusJFScVVQSY","""Sign Drive""",2,79,10,312,3,309,1455,446,1009,4,4,0,"0.00","0.00",0,0,0,0,0,0,0,0,0,0,0,0,0,0,0,0,0,0,0,0,0
"35kRZ5ucEpqIyBBskKQ0","""Signature Auto Group Florida""",0,0,0,0,0,0,0,0,0,0,0,0,"0.00","0.00",0,0,0,0,0,0,0,0,0,0,0,0,0,0,0,0,0,0,0,0,0
"5Y4y7DfnNm5bhelcFPGu","""Simi Valley Chevrolet""",0,0,0,0,0,0,0,0,0,0,0,0,"0.00","0.00",0,0,0,0,0,0,0,0,0,0,0,0,0,0,0,0,0,0,0,0,0
"37s1wujLpat4N3Qr0Zdc","""Simi Valley Chevrolet (Failed)""",0,0,0,0,0,0,0,0,0,0,0,0,"0.00","0.00",0,0,0,0,0,0,0,0,0,0,0,0,0,0,0,0,0,0,0,0,0
"fJjmsR8zXnoxEWg4sYmQ","""Sky Powersports""",10,199,8,363,41,322,3957,1668,2289,185,57,128,"1.17","3.32",2,0,0,0,0,0,0,0,0,0,0,0,1,1,0,1,0,0,0,0,0
"QUMI2dvGlt5VAO9UKtuf","""Smart Auto Financial""",0,0,0,4160,0,4160,0,0,0,0,0,0,"0.00","0.00",0,0,0,0,0,0,0,0,0,0,0,0,0,0,0,0,0,0,0,0,0
"ZtsQXkwh53HKR7ZIS1AA","""Snapshot Account""",0,3,0,0,0,0,0,0,0,3,3,0,"0.01","0.00",0,0,0,0,0,0,0,0,0,0,0,0,0,0,0,0,0,0,0,0,0
"hFGaVIFj2Rs1cHoC35bz","""SONS Kia of Montgomery""",6,285,29,842,23,819,3370,745,2625,19,13,6,"0.09","0.25",22,0,0,0,0,0,0,0,0,0,0,0,0,0,0,0,0,0,0,0,0
"7X0LithOJyo6sIgCbj0y","""Sound Harley-Davidson""",5,34,1,61,0,61,603,133,470,1,1,0,"0.01","0.00",7,0,0,0,0,0,0,0,0,0,0,0,0,0,0,0,0,0,0,0,0
"m2WYkI14bo22a9Ok740T","""Southern Wholesale""",0,0,0,0,0,0,0,0,0,0,0,0,"0.00","0.00",0,0,0,0,0,0,0,0,0,0,0,0,0,0,0,0,0,0,0,0,0
"uLkccajJe9QTZ2hazgHC","""Southside Dodge Chrysler Jeep Ram Fiat""",7,143,15,278,4,274,1298,371,927,1,0,1,"0.00","0.00",10,0,0,0,0,0,27,12,15,0,0,0,0,0,0,0,0,0,0,0,0
"LYneGdqVWf5eX785rFc0","""SPARTANBURG CHRYSLER DODGE JEEP RAM""",4,0,0,0,0,0,0,0,0,0,0,0,"0.00","0.00",0,0,0,0,0,0,0,0,0,0,0,0,0,0,0,0,0,0,0,0,0
"FWicwiTJwElcnYiglNwg","""Spicer's Boat City""",8,87,6,308,14,294,1443,412,1031,8,8,0,"0.00","0.00",39,0,0,0,0,0,0,0,0,41,20,21,10,10,0,12,1,0,0,0,0
"hUzwv9ALOfXgjGPsmn0W","""Starview Ford""",6,87,15,50,22,28,2403,713,1690,0,0,0,"0.00","0.00",0,0,0,0,0,0,0,0,0,0,0,0,0,0,0,0,0,0,0,0,0
"nFhZqTSqSje6x71TC40n","""Stoneham Ford""",0,0,0,0,0,0,0,0,0,0,0,0,"0.00","0.00",0,0,0,0,0,0,0,0,0,0,0,0,1,1,0,1,0,0,0,0,0
"YRSU816XPMVP6dukVbGS","""Strawberry Road Auto Sales""",12,370,57,680,10,670,4874,1237,3637,38,19,19,"0.32","0.35",55,0,59,0,0,0,0,0,0,49,20,29,0,0,0,0,0,0,0,0,0
"u7DrlN4RxqAiUJejmRYD","""Sunny Mitsubishi""",10,725,32,1079,17,1062,3798,971,2827,19,15,4,"0.05","0.03",82,0,0,0,0,0,0,0,0,0,0,0,0,0,0,0,0,0,0,0,0
"AGDZbBcVZgNYSrfUQzHF","""Superior Mitsubishi / Anyonerides""",0,11,0,639,0,639,0,0,0,0,0,0,"0.00","0.00",0,0,0,0,0,0,0,0,0,0,0,0,5,5,0,5,0,0,0,0,0
"cfqZA0fqF7I5sdAzxLX5","""Surf City Nissan""",0,0,0,0,0,0,1,1,0,1,1,0,"0.01","0.00",0,0,0,0,0,0,0,0,0,0,0,0,0,0,0,0,0,0,0,0,0
"yXCSfIidhtFVDUuY20D6","""Surf City Nissan Failed A2P""",0,0,0,0,0,0,0,0,0,0,0,0,"0.00","0.00",0,0,0,0,0,0,0,0,0,0,0,0,0,0,0,0,0,0,0,0,0
"hcvtidyM9me5crJ1XvJO","""Tallassee Chrysler Dodge Jeep Ram""",13,225,25,1180,25,1155,3044,632,2412,16,10,6,"0.23","0.03",19,0,0,0,0,0,0,0,0,0,0,0,0,0,0,0,0,0,0,0,0
"l5M2CdMS7J9JHORdNeMK","""TapLane Auto""",3,0,0,0,0,0,0,0,0,0,0,0,"0.00","0.00",0,0,0,0,0,0,0,0,0,0,0,0,0,0,0,0,0,0,0,0,0
"piExZLoKPMZgv9jYMISa","""Tate Branch Autoplex""",0,0,0,0,0,0,1,0,1,0,0,0,"0.00","0.00",0,0,0,0,0,0,0,0,0,0,0,0,0,0,0,0,0,0,0,0,0
"2ycxWtLAPhcHNC9H0vfL","""Terry Cullen Chevrolet""",8,556,42,2166,18,2148,5192,961,4231,41,13,28,"0.33","0.28",127,0,0,0,0,0,0,0,0,0,0,0,0,0,0,0,0,0,0,0,0
"Ene7q57R5ZnfyynY9MEt","""Test Autos (DEMO)""",0,48,0,0,0,0,109,14,95,10,0,10,"0.00","0.23",0,0,0,0,0,0,18,18,0,0,0,0,0,0,0,0,0,0,0,0,0
"SM3NTWafJyeGrwO8JEy4","""Testerones""",0,0,0,0,0,0,0,0,0,0,0,0,"0.00","0.00",0,0,0,0,0,0,0,0,0,0,0,0,0,0,0,0,0,0,0,0,0
"N89nqjTjZafALRZbKNRk","""Texas Truck Barn""",3,174,19,862,20,842,3621,1024,2597,11,10,1,"0.35","0.00",29,0,0,0,0,0,0,0,0,0,0,0,0,0,0,0,0,0,0,0,0
"mLXvHAGPSUSNJE5bw1Q3","""The Auto Lot""",9,358,34,315,7,308,1582,212,1370,2,0,2,"0.00","0.06",125,0,13,0,0,0,43,23,20,2203,1077,1126,0,0,0,0,0,0,0,0,0
"QwvFxQvBldaTzgV7HZzO","""The Car Lot""",0,1,0,0,0,0,3,3,0,1,1,0,"0.00","0.00",0,0,0,0,0,0,0,0,0,0,0,0,0,0,0,0,0,0,0,0,0
"wpMRElQLb8vSzubmtX47","""The Truck Farm of Easley""",1,2,2,214,0,214,668,114,554,4,4,0,"0.00","0.00",0,0,0,0,0,0,0,0,0,0,0,0,0,0,0,0,0,0,0,0,0
"blPMgMdWGUAkVD3atTpu","""The Truck Farm of Greenville""",0,0,0,0,0,0,0,0,0,0,0,0,"0.00","0.00",0,0,0,0,0,0,0,0,0,0,0,0,0,0,0,0,0,0,0,0,0
"MPtxIAnAT4A5DdjeNbfS","""Thompson Buick GMC Cadillac""",0,0,0,0,0,0,0,0,0,0,0,0,"0.00","0.00",0,0,0,0,0,0,0,0,0,0,0,0,0,0,0,0,0,0,0,0,0
"R5IuLTdRm511hHLdisSQ","""Tincher Williams Chevrolet GMC""",4,71,4,288,3,285,874,214,660,5,5,0,"0.00","0.00",0,0,0,0,0,0,0,0,0,0,0,0,0,0,0,0,0,0,0,0,0
"0NrCg4WFlAS4dFfCKX4f","""TLC Motors""",6,69,7,153,5,148,495,110,385,1,1,0,"0.00","0.00",0,0,0,0,0,0,10,7,3,28,16,12,0,0,0,0,0,0,0,0,0
"5S3t3yd6PKZJ7g73e6AE","""Toothman Ford""",0,0,0,0,0,0,0,0,0,0,0,0,"0.00","0.00",0,0,0,0,0,0,0,0,0,0,0,0,0,0,0,0,0,0,0,0,0
"jaXPFGmunYe4ITi92oSF","""Toyota of Hemet""",0,0,0,0,0,0,0,0,0,0,0,0,"0.00","0.00",0,0,0,0,0,0,0,0,0,0,0,0,0,0,0,0,0,0,0,0,0
"AXQaVl4nfXtDAhtv2K6G","""Toyota Vallejo""",6,332,22,934,46,888,3778,811,2967,13,13,0,"0.26","0.00",16,0,0,0,0,0,0,0,0,0,0,0,0,0,0,0,0,0,0,0,0
"yBk9oS99tqV74LuA74ou","""TradeUp Chattanooga""",0,5,2,0,0,0,136,57,79,0,0,0,"0.00","0.00",0,0,0,0,0,0,0,0,0,0,0,0,0,0,0,0,0,0,0,0,0
"FHuw9UqYTqrkmt8goKkz","""TradeUp Cleveland""",0,0,0,0,0,0,0,0,0,0,0,0,"0.00","0.00",0,0,0,0,0,0,0,0,0,0,0,0,0,0,0,0,0,0,0,0,0
"E48J1e57W8fszjHOjNA8","""Turbo Motors Inc""",0,0,0,16,2,14,302,102,200,1,1,0,"0.00","0.00",0,0,0,0,0,0,0,0,0,0,0,0,0,0,0,0,0,0,0,0,0
"qNBuiYQi8tfTDE2pEumH","""Turlock Chrysler Dodge Jeep Ram""",4,77,6,338,7,331,1559,442,1117,75,18,57,"0.33","0.80",12,0,0,0,0,0,0,0,0,0,0,0,0,0,0,0,0,0,0,0,0
"brzCuPPgYY9lhBFx7722","""Turner Chevrolet""",11,283,19,838,10,828,2979,756,2223,7,7,0,"0.05","0.00",32,0,0,0,0,0,0,0,0,0,0,0,0,0,0,0,0,0,0,0,0
"LxYY1qkD6439bpulE7tP","""Udrive USA Auto Exchange""",0,5,0,0,0,0,0,0,0,0,0,0,"0.00","0.00",0,0,0,0,0,0,0,0,0,0,0,0,0,0,0,0,0,1,0,5,2
"tGPuhMJ0fOxb7atFIF3V","""Unique Classic Cars""",6,0,0,219,67,152,465,160,305,0,0,0,"0.00","0.00",0,0,0,0,0,0,0,0,0,0,0,0,0,0,0,0,0,0,0,0,0
"5ksivFz1wJjV99hvdtKF","""University Volkswagen Mazda""",0,0,0,0,0,0,0,0,0,0,0,0,"0.00","0.00",0,0,0,0,0,0,0,0,0,0,0,0,0,0,0,0,0,0,0,0,0
"JM4F6uD7PTXPH5g35MzS","""Vancouver Mitsubishi""",9,5,0,0,0,0,0,0,0,0,0,0,"0.00","0.00",0,0,0,0,0,0,0,0,0,0,0,0,0,0,0,0,0,1,0,5,2
"EqmcG0xdPRcGIfqQWK7g","""Velocity Powersports Charleston""",7,68,24,590,8,582,2108,532,1576,8,6,2,"0.07","0.04",11,0,0,0,0,0,0,0,0,0,0,0,0,0,0,0,0,0,0,0,0
"KB4L03h3lDu29ud1R9z8","""Velocity Powersports Ladson""",10,396,22,389,11,378,3663,703,2960,4,4,0,"0.05","0.00",6,0,0,0,0,0,0,0,0,0,0,0,0,0,0,0,0,0,0,0,0
"BxGcEWXxA4hW8zv7LP5b","""Velocity Powersports Orangeburg""",8,65,16,397,14,383,1854,570,1284,6,4,2,"0.00","0.00",12,0,0,0,0,0,0,0,0,0,0,0,0,0,0,0,0,0,0,0,0
"OaAGlDZt8Xvy3Gay4l1U","""Vernon Chrysler Dodge Jeep Ram""",0,0,0,0,0,0,0,0,0,0,0,0,"0.00","0.00",0,0,0,0,0,0,0,0,0,0,0,0,0,0,0,0,0,0,0,0,0
"vduie97CwLfoYjTJOXul","""Volkswagen of Akron""",6,70,8,217,5,212,1080,284,796,0,0,0,"0.00","0.00",0,0,0,0,0,0,8,6,2,0,0,0,0,0,0,0,0,0,0,0,0
"MBcyhQPO7YevWcgCvGSm","""Volkswagen of Macon""",0,0,0,0,0,0,0,0,0,0,0,0,"0.00","0.00",0,0,0,0,0,0,0,0,0,0,0,0,0,0,0,0,0,0,0,0,0
"rSD01k81WB5vp54tjdta","""Volv Ventures""",0,0,0,0,0,0,0,0,0,0,0,0,"0.00","0.00",0,0,0,0,0,0,0,0,0,0,0,0,0,0,0,0,0,0,0,0,0
"4Lix25pI5SNQa9Bcqyj0","""Westside Motorsports""",0,0,0,0,0,0,0,0,0,0,0,0,"0.00","0.00",0,0,0,0,0,0,0,0,0,0,0,0,0,0,0,0,0,0,0,0,0
"dfc0b0mAwc3wL1hyhO04","""Whiteside Chevrolet GMC""",14,51,11,180,3,177,1074,345,729,2,1,1,"0.00","0.01",8,0,0,0,0,0,0,0,0,0,0,0,0,0,0,0,0,0,0,0,0
"y5PRpcrX4mpDrjo3Cbyb","""Wilcoxson GMC""",4,37,3,99,1,98,403,81,322,0,0,0,"0.00","0.00",12,0,0,0,0,0,0,0,0,0,0,0,0,0,0,0,0,0,0,0,0
"8T14bXhYXnsxoYjgc934","""Windsor Hyundai""",9,141,27,423,12,411,1925,537,1388,2,1,1,"0.02","0.00",62,0,0,0,0,0,0,0,0,0,0,0,0,0,0,0,0,0,0,0,0
"iwvG1RwxWI8bHnmZVhE0","""Woodstock Harley Davidson""",0,13,1,48,1,47,229,68,161,0,0,0,"0.00","0.00",0,0,0,0,0,0,0,0,0,0,0,0,0,0,0,0,0,0,0,0,0
"GKSCPCR3tFUJE132xa4h","""YEG Drives""",2,14,0,6,3,3,5,1,4,0,0,0,"0.00","0.00",0,0,0,0,0,0,19,12,7,18,6,12,5,5,0,5,0,0,0,0,0
"rqt6ogxp7QFNTPtduKfo","""York Dodge Chrysler Jeep Ram""",5,82,0,160,8,152,529,146,383,4,4,0,"0.01","0.00",4,0,0,0,0,0,0,0,0,0,0,0,0,0,0,0,0,0,0,0,0
"49PziYXBVbkNycHZeXyh","""Yorkdale Dufferin Mazda""",9,80,32,376,34,342,1238,354,884,3,2,1,"0.08","0.00",17,0,0,0,0,0,0,0,0,0,0,0,0,0,0,0,0,0,0,0,0
"jl9963Xew2VnuRywDAHg","""z - KG TESTING Account""",0,0,0,0,0,0,0,0,0,0,0,0,"0.00","0.00",0,0,0,0,0,0,0,0,0,0,0,0,0,0,0,0,0,0,0,0,0
"TQkE5moOhShyA027feF8","""ZipZappityZop Account""",0,0,0,0,0,0,0,0,0,0,0,0,"0.00","0.00",0,0,0,0,0,0,0,0,0,0,0,0,0,0,0,0,0,0,0,0,0